[
  {
    "_id": "49734c80-4938-11e9-83b5-295070597356",
    "_type": "dashboard",
    "_source": {
      "title": "BJ_anomaly_detector",
      "hits": 0,
      "description": "",
      "panelsJSON": "[{\"panelIndex\":\"1\",\"gridData\":{\"x\":7,\"y\":0,\"w\":41,\"h\":14,\"i\":\"1\"},\"embeddableConfig\":{},\"id\":\"43f23710-3323-11e9-bd22-1b69fd790e4d\",\"type\":\"visualization\",\"version\":\"6.3.2\"},{\"panelIndex\":\"4\",\"gridData\":{\"x\":0,\"y\":14,\"w\":12,\"h\":14,\"i\":\"4\"},\"embeddableConfig\":{},\"id\":\"28a80c70-3321-11e9-bd22-1b69fd790e4d\",\"type\":\"visualization\",\"version\":\"6.3.2\"},{\"panelIndex\":\"5\",\"gridData\":{\"x\":0,\"y\":0,\"w\":7,\"h\":14,\"i\":\"5\"},\"embeddableConfig\":{},\"id\":\"c61a2b30-331e-11e9-bd22-1b69fd790e4d\",\"type\":\"visualization\",\"version\":\"6.3.2\"},{\"panelIndex\":\"10\",\"gridData\":{\"x\":12,\"y\":14,\"w\":12,\"h\":14,\"i\":\"10\"},\"version\":\"6.3.2\",\"type\":\"visualization\",\"id\":\"2e614050-3326-11e9-bd22-1b69fd790e4d\",\"embeddableConfig\":{}},{\"panelIndex\":\"11\",\"gridData\":{\"x\":24,\"y\":14,\"w\":12,\"h\":14,\"i\":\"11\"},\"version\":\"6.3.2\",\"type\":\"visualization\",\"id\":\"80667250-4936-11e9-83b5-295070597356\",\"embeddableConfig\":{}},{\"panelIndex\":\"12\",\"gridData\":{\"x\":36,\"y\":14,\"w\":12,\"h\":14,\"i\":\"12\"},\"version\":\"6.3.2\",\"type\":\"visualization\",\"id\":\"d32faf10-4936-11e9-83b5-295070597356\",\"embeddableConfig\":{}},{\"panelIndex\":\"13\",\"gridData\":{\"x\":24,\"y\":28,\"w\":24,\"h\":15,\"i\":\"13\"},\"version\":\"6.3.2\",\"type\":\"visualization\",\"id\":\"0df1d6e0-4938-11e9-83b5-295070597356\",\"embeddableConfig\":{}},{\"gridData\":{\"w\":24,\"h\":15,\"x\":0,\"y\":28,\"i\":\"14\"},\"version\":\"6.3.2\",\"panelIndex\":\"14\",\"type\":\"visualization\",\"id\":\"951c9ca0-4937-11e9-83b5-295070597356\",\"embeddableConfig\":{}}]",
      "optionsJSON": "{\"darkTheme\":false,\"hidePanelTitles\":false,\"useMargins\":true}",
      "version": 1,
      "timeRestore": false,
      "kibanaSavedObjectMeta": {
        "searchSourceJSON": "{\"query\":{\"language\":\"kuery\",\"query\":\"\"},\"filter\":[],\"highlightAll\":true,\"version\":true}"
      }
    },
    "_meta": {
      "savedObjectVersion": 2
    }
  },
  {
    "_id": "6b1b1360-d49d-11e7-996f-bd7c1ca4591b",
    "_type": "search",
    "_source": {
      "title": "TLS Fingerprint",
      "description": "",
      "hits": 0,
      "columns": [
        "_source"
      ],
      "sort": [
        "@timestamp",
        "desc"
      ],
      "version": 1,
      "kibanaSavedObjectMeta": {
        "searchSourceJSON": "{\"index\":\"26b28990-4910-11e9-83b5-295070597356\",\"highlightAll\":true,\"version\":true,\"query\":{\"query\":\"\",\"language\":\"lucene\"},\"filter\":[{\"meta\":{\"index\":\"packetbeat-*\",\"negate\":false,\"disabled\":false,\"alias\":null,\"type\":\"exists\",\"key\":\"tls.fingerprints.ja3.hash\",\"value\":\"exists\"},\"exists\":{\"field\":\"tls.fingerprints.ja3.hash\"},\"$state\":{\"store\":\"appState\"}}]}"
      }
    },
    "_meta": {
      "savedObjectVersion": 2
    }
  },
  {
    "_id": "8e2af860-d520-11e7-9fff-7b1ebf397ba9",
    "_type": "search",
    "_source": {
      "title": "TLS handshake latency",
      "description": "",
      "hits": 0,
      "columns": [
        "_source"
      ],
      "sort": [
        "@timestamp",
        "desc"
      ],
      "version": 1,
      "kibanaSavedObjectMeta": {
        "searchSourceJSON": "{\"index\":\"26b28990-4910-11e9-83b5-295070597356\",\"highlightAll\":true,\"version\":true,\"query\":{\"language\":\"lucene\",\"query\":\"\"},\"filter\":[{\"$state\":{\"store\":\"appState\"},\"exists\":{\"field\":\"tls.handshake_completed\"},\"meta\":{\"alias\":null,\"disabled\":false,\"index\":\"packetbeat-*\",\"key\":\"tls.handshake_completed\",\"negate\":false,\"type\":\"exists\",\"value\":\"exists\"}},{\"$state\":{\"store\":\"appState\"},\"exists\":{\"field\":\"responsetime\"},\"meta\":{\"alias\":null,\"disabled\":false,\"index\":\"packetbeat-*\",\"key\":\"responsetime\",\"negate\":false,\"type\":\"exists\",\"value\":\"exists\"}}]}"
      }
    },
    "_meta": {
      "savedObjectVersion": 2
    }
  },
  {
    "_id": "Thrift-transactions",
    "_type": "search",
    "_source": {
      "title": "Thrift transactions",
      "description": "",
      "hits": 0,
      "columns": [
        "method",
        "type",
        "path",
        "responsetime",
        "status"
      ],
      "sort": [
        "@timestamp",
        "desc"
      ],
      "version": 1,
      "kibanaSavedObjectMeta": {
        "searchSourceJSON": "{\"index\":\"26b28990-4910-11e9-83b5-295070597356\",\"highlight\":{\"pre_tags\":[\"@kibana-highlighted-field@\"],\"post_tags\":[\"@/kibana-highlighted-field@\"],\"fields\":{\"*\":{}}},\"filter\":[{\"meta\":{\"index\":\"packetbeat-*\",\"negate\":false,\"key\":\"type\",\"value\":\"thrift\",\"disabled\":false},\"query\":{\"match\":{\"type\":{\"query\":\"thrift\",\"type\":\"phrase\"}}}}],\"query\":{\"query\":{\"query_string\":{\"analyze_wildcard\":true,\"query\":\"type: thrift\"}},\"language\":\"lucene\"}}"
      }
    },
    "_meta": {
      "savedObjectVersion": 2
    }
  },
  {
    "_id": "Thrift-errors",
    "_type": "search",
    "_source": {
      "title": "Thrift errors",
      "description": "",
      "hits": 0,
      "columns": [
        "method",
        "type",
        "path",
        "responsetime",
        "status"
      ],
      "sort": [
        "@timestamp",
        "desc"
      ],
      "version": 1,
      "kibanaSavedObjectMeta": {
        "searchSourceJSON": "{\"index\":\"26b28990-4910-11e9-83b5-295070597356\",\"highlight\":{\"pre_tags\":[\"@kibana-highlighted-field@\"],\"post_tags\":[\"@/kibana-highlighted-field@\"],\"fields\":{\"*\":{}}},\"filter\":[{\"meta\":{\"disabled\":false,\"index\":\"packetbeat-*\",\"key\":\"type\",\"negate\":false,\"value\":\"thrift\"},\"query\":{\"match\":{\"type\":{\"query\":\"thrift\",\"type\":\"phrase\"}}}},{\"meta\":{\"index\":\"packetbeat-*\",\"negate\":true,\"key\":\"status\",\"value\":\"OK\",\"disabled\":false},\"query\":{\"match\":{\"status\":{\"query\":\"OK\",\"type\":\"phrase\"}}}}],\"query\":{\"query\":{\"query_string\":{\"analyze_wildcard\":true,\"query\":\"type: thrift\"}},\"language\":\"lucene\"}}"
      }
    },
    "_meta": {
      "savedObjectVersion": 2
    }
  },
  {
    "_id": "MongoDB-transactions",
    "_type": "search",
    "_source": {
      "title": "MongoDB transactions",
      "description": "",
      "hits": 0,
      "columns": [
        "method",
        "type",
        "path",
        "responsetime",
        "status",
        "query"
      ],
      "sort": [
        "@timestamp",
        "desc"
      ],
      "version": 1,
      "kibanaSavedObjectMeta": {
        "searchSourceJSON": "{\"index\":\"26b28990-4910-11e9-83b5-295070597356\",\"highlight\":{\"pre_tags\":[\"@kibana-highlighted-field@\"],\"post_tags\":[\"@/kibana-highlighted-field@\"],\"fields\":{\"*\":{}},\"fragment_size\":2147483647},\"filter\":[{\"meta\":{\"disabled\":false,\"index\":\"packetbeat-*\",\"key\":\"type\",\"negate\":false,\"value\":\"mongodb\"},\"query\":{\"match\":{\"type\":{\"query\":\"mongodb\",\"type\":\"phrase\"}}}}],\"query\":{\"query\":{\"query_string\":{\"query\":\"*\",\"analyze_wildcard\":true}},\"language\":\"lucene\"}}"
      }
    },
    "_meta": {
      "savedObjectVersion": 2
    }
  },
  {
    "_id": "651fd6d0-88d0-11e7-ad9c-db80de0bf8d3",
    "_type": "search",
    "_source": {
      "title": "MongoDB errors [Packetbeat]",
      "description": "",
      "hits": 0,
      "columns": [
        "_source"
      ],
      "sort": [
        "@timestamp",
        "desc"
      ],
      "version": 1,
      "kibanaSavedObjectMeta": {
        "searchSourceJSON": "{\"index\":\"26b28990-4910-11e9-83b5-295070597356\",\"highlightAll\":true,\"version\":true,\"query\":{\"query\":\"*\",\"language\":\"lucene\"},\"filter\":[{\"meta\":{\"index\":\"packetbeat-*\",\"negate\":false,\"disabled\":false,\"alias\":null,\"type\":\"phrase\",\"key\":\"type\",\"value\":\"mongodb\",\"params\":{\"query\":\"mongodb\",\"type\":\"phrase\"}},\"query\":{\"match\":{\"type\":{\"query\":\"mongodb\",\"type\":\"phrase\"}}},\"$state\":{\"store\":\"appState\"}},{\"meta\":{\"index\":\"packetbeat-*\",\"negate\":true,\"disabled\":false,\"alias\":null,\"type\":\"phrase\",\"key\":\"status\",\"value\":\"OK\",\"params\":{\"query\":\"OK\",\"type\":\"phrase\"}},\"query\":{\"match\":{\"status\":{\"query\":\"OK\",\"type\":\"phrase\"}}},\"$state\":{\"store\":\"appState\"}}]}"
      }
    },
    "_meta": {
      "savedObjectVersion": 2
    }
  },
  {
    "_id": "MongoDB-transactions-with-write-concern-0",
    "_type": "search",
    "_source": {
      "title": "MongoDB transactions with write concern 0",
      "description": "",
      "hits": 0,
      "columns": [
        "method",
        "type",
        "path",
        "responsetime",
        "status",
        "query"
      ],
      "sort": [
        "@timestamp",
        "desc"
      ],
      "version": 1,
      "kibanaSavedObjectMeta": {
        "searchSourceJSON": "{\"index\":\"26b28990-4910-11e9-83b5-295070597356\",\"highlight\":{\"pre_tags\":[\"@kibana-highlighted-field@\"],\"post_tags\":[\"@/kibana-highlighted-field@\"],\"fields\":{\"*\":{}},\"fragment_size\":2147483647},\"filter\":[{\"meta\":{\"disabled\":false,\"index\":\"packetbeat-*\",\"key\":\"type\",\"negate\":false,\"value\":\"mongodb\"},\"query\":{\"match\":{\"type\":{\"query\":\"mongodb\",\"type\":\"phrase\"}}}}],\"query\":{\"query\":{\"query_string\":{\"analyze_wildcard\":true,\"query\":\"request: \\\"writeConcern w 0\\\"\"}},\"language\":\"lucene\"}}"
      }
    },
    "_meta": {
      "savedObjectVersion": 2
    }
  },
  {
    "_id": "Cassandra-QueryView",
    "_type": "search",
    "_source": {
      "title": "Cassandra QueryView",
      "description": "",
      "hits": 0,
      "columns": [
        "cassandra.request.query",
        "cassandra.response.result.rows.meta.keyspace",
        "cassandra.response.result.rows.meta.table",
        "cassandra.response.result.rows.num_rows"
      ],
      "sort": [
        "@timestamp",
        "desc"
      ],
      "version": 1,
      "kibanaSavedObjectMeta": {
        "searchSourceJSON": "{\"index\":\"26b28990-4910-11e9-83b5-295070597356\",\"query\":{\"query\":{\"query_string\":{\"analyze_wildcard\":true,\"query\":\"*\"}},\"language\":\"lucene\"},\"filter\":[{\"meta\":{\"negate\":false,\"index\":\"packetbeat-*\",\"key\":\"cassandra.request.headers.op\",\"value\":\"QUERY\",\"disabled\":false,\"alias\":null},\"query\":{\"match\":{\"cassandra.request.headers.op\":{\"query\":\"QUERY\",\"type\":\"phrase\"}}},\"$state\":{\"store\":\"appState\"}},{\"meta\":{\"negate\":true,\"index\":\"packetbeat-*\",\"key\":\"cassandra.response.headers.op\",\"value\":\"ERROR\",\"disabled\":false,\"alias\":null},\"query\":{\"match\":{\"cassandra.response.headers.op\":{\"query\":\"ERROR\",\"type\":\"phrase\"}}},\"$state\":{\"store\":\"appState\"}}],\"highlight\":{\"pre_tags\":[\"@kibana-highlighted-field@\"],\"post_tags\":[\"@/kibana-highlighted-field@\"],\"fields\":{\"*\":{}},\"require_field_match\":false,\"fragment_size\":2147483647}}"
      }
    },
    "_meta": {
      "savedObjectVersion": 2
    }
  },
  {
    "_id": "Packetbeat-Flows-Search",
    "_type": "search",
    "_source": {
      "title": "Packetbeat Flows Search",
      "description": "",
      "hits": 0,
      "columns": [
        "type",
        "start_time",
        "last_time",
        "source.ip",
        "source.port",
        "dest.ip",
        "dest.port",
        "source.stats.net_bytes_total",
        "dest.stats.net_bytes_total"
      ],
      "sort": [
        "@timestamp",
        "desc"
      ],
      "version": 1,
      "kibanaSavedObjectMeta": {
        "searchSourceJSON": "{\"index\":\"26b28990-4910-11e9-83b5-295070597356\",\"filter\":[],\"highlight\":{\"pre_tags\":[\"@kibana-highlighted-field@\"],\"post_tags\":[\"@/kibana-highlighted-field@\"],\"fields\":{\"*\":{}},\"require_field_match\":false,\"fragment_size\":2147483647},\"query\":{\"query\":{\"query_string\":{\"query\":\"type: flow\",\"analyze_wildcard\":true}},\"language\":\"lucene\"}}"
      }
    },
    "_meta": {
      "savedObjectVersion": 2
    }
  },
  {
    "_id": "DNS",
    "_type": "search",
    "_source": {
      "title": "DNS",
      "description": "",
      "hits": 0,
      "columns": [
        "_source"
      ],
      "sort": [
        "@timestamp",
        "desc"
      ],
      "version": 1,
      "kibanaSavedObjectMeta": {
        "searchSourceJSON": "{\"index\":\"26b28990-4910-11e9-83b5-295070597356\",\"query\":{\"query\":{\"query_string\":{\"query\":\"type: dns\",\"analyze_wildcard\":true}},\"language\":\"lucene\"},\"filter\":[],\"highlight\":{\"pre_tags\":[\"@kibana-highlighted-field@\"],\"post_tags\":[\"@/kibana-highlighted-field@\"],\"fields\":{\"*\":{}},\"require_field_match\":false,\"fragment_size\":2147483647}}"
      }
    },
    "_meta": {
      "savedObjectVersion": 2
    }
  },
  {
    "_id": "71908f00-88ca-11e7-ad9c-db80de0bf8d3",
    "_type": "search",
    "_source": {
      "title": "Web Transactions [Packetbeat]",
      "description": "",
      "hits": 0,
      "columns": [
        "_source"
      ],
      "sort": [
        "@timestamp",
        "desc"
      ],
      "version": 1,
      "kibanaSavedObjectMeta": {
        "searchSourceJSON": "{\"index\":\"26b28990-4910-11e9-83b5-295070597356\",\"highlightAll\":true,\"version\":true,\"query\":{\"language\":\"lucene\",\"query\":\"*\"},\"filter\":[{\"meta\":{\"index\":\"packetbeat-*\",\"negate\":false,\"disabled\":false,\"alias\":null,\"type\":\"phrase\",\"key\":\"type\",\"value\":\"http\",\"params\":{\"query\":\"http\",\"type\":\"phrase\"}},\"query\":{\"match\":{\"type\":{\"query\":\"http\",\"type\":\"phrase\"}}},\"$state\":{\"store\":\"appState\"}}]}"
      }
    },
    "_meta": {
      "savedObjectVersion": 2
    }
  },
  {
    "_id": "3dd366e0-88cc-11e7-ad9c-db80de0bf8d3",
    "_type": "search",
    "_source": {
      "title": "Cache Transactions [Packetbeat]",
      "description": "",
      "hits": 0,
      "columns": [
        "_source"
      ],
      "sort": [
        "@timestamp",
        "desc"
      ],
      "version": 1,
      "kibanaSavedObjectMeta": {
        "searchSourceJSON": "{\"index\":\"26b28990-4910-11e9-83b5-295070597356\",\"highlightAll\":true,\"version\":true,\"query\":{\"query\":\"\",\"language\":\"lucene\"},\"filter\":[{\"meta\":{\"index\":\"packetbeat-*\",\"type\":\"phrases\",\"key\":\"type\",\"value\":\"redis, memcache\",\"negate\":false,\"disabled\":false,\"alias\":null},\"query\":{\"bool\":{\"should\":[{\"match_phrase\":{\"type\":\"redis\"}},{\"match_phrase\":{\"type\":\"memcache\"}}],\"minimum_should_match\":1}},\"$state\":{\"store\":\"appState\"}}]}"
      }
    },
    "_meta": {
      "savedObjectVersion": 2
    }
  },
  {
    "_id": "800e2a00-88cb-11e7-ad9c-db80de0bf8d3",
    "_type": "search",
    "_source": {
      "title": "DB transactions",
      "description": "",
      "hits": 0,
      "columns": [
        "_source"
      ],
      "sort": [
        "@timestamp",
        "desc"
      ],
      "version": 1,
      "kibanaSavedObjectMeta": {
        "searchSourceJSON": "{\"index\":\"26b28990-4910-11e9-83b5-295070597356\",\"highlightAll\":true,\"version\":true,\"query\":{\"query\":\"\",\"language\":\"lucene\"},\"filter\":[{\"meta\":{\"index\":\"packetbeat-*\",\"type\":\"phrases\",\"key\":\"type\",\"value\":\"mysql, postgresql\",\"negate\":false,\"disabled\":false,\"alias\":null},\"query\":{\"bool\":{\"should\":[{\"match_phrase\":{\"type\":\"mysql\"}},{\"match_phrase\":{\"type\":\"postgresql\"}}],\"minimum_should_match\":1}},\"$state\":{\"store\":\"appState\"}}]}"
      }
    },
    "_meta": {
      "savedObjectVersion": 2
    }
  },
  {
    "_id": "Transactions-errors",
    "_type": "search",
    "_source": {
      "title": "Transactions errors",
      "description": "",
      "hits": 0,
      "columns": [
        "client_ip",
        "client_port",
        "ip",
        "port",
        "type",
        "query",
        "method",
        "responsetime",
        "status"
      ],
      "sort": [
        "@timestamp",
        "desc"
      ],
      "version": 1,
      "kibanaSavedObjectMeta": {
        "searchSourceJSON": "{\"index\":\"26b28990-4910-11e9-83b5-295070597356\",\"filter\":[],\"highlight\":{\"pre_tags\":[\"@kibana-highlighted-field@\"],\"post_tags\":[\"@/kibana-highlighted-field@\"],\"fields\":{\"*\":{}},\"require_field_match\":false,\"fragment_size\":2147483647},\"query\":{\"query\":{\"query_string\":{\"query\":\"!type: flow AND !status: OK\",\"analyze_wildcard\":true}},\"language\":\"lucene\"}}"
      }
    },
    "_meta": {
      "savedObjectVersion": 2
    }
  },
  {
    "_id": "Packetbeat-Search",
    "_type": "search",
    "_source": {
      "title": "Packetbeat Search",
      "description": "",
      "hits": 0,
      "columns": [
        "client_ip",
        "client_port",
        "ip",
        "port",
        "type",
        "query",
        "method",
        "responsetime",
        "status"
      ],
      "sort": [
        "@timestamp",
        "desc"
      ],
      "version": 1,
      "kibanaSavedObjectMeta": {
        "searchSourceJSON": "{\"index\":\"26b28990-4910-11e9-83b5-295070597356\",\"filter\":[],\"highlight\":{\"pre_tags\":[\"@kibana-highlighted-field@\"],\"post_tags\":[\"@/kibana-highlighted-field@\"],\"fields\":{\"*\":{}},\"require_field_match\":false,\"fragment_size\":2147483647},\"query\":{\"query\":{\"query_string\":{\"query\":\"NOT type: flow\",\"analyze_wildcard\":true}},\"language\":\"lucene\"}}"
      }
    },
    "_meta": {
      "savedObjectVersion": 2
    }
  },
  {
    "_id": "d3089370-88cc-11e7-ad9c-db80de0bf8d3",
    "_type": "search",
    "_source": {
      "title": "RPC transactions",
      "description": "",
      "hits": 0,
      "columns": [
        "_source"
      ],
      "sort": [
        "@timestamp",
        "desc"
      ],
      "version": 1,
      "kibanaSavedObjectMeta": {
        "searchSourceJSON": "{\"index\":\"26b28990-4910-11e9-83b5-295070597356\",\"highlightAll\":true,\"version\":true,\"query\":{\"query\":\"\",\"language\":\"lucene\"},\"filter\":[{\"meta\":{\"index\":\"packetbeat-*\",\"negate\":false,\"disabled\":false,\"alias\":null,\"type\":\"phrase\",\"key\":\"type\",\"value\":\"thrift\",\"params\":{\"query\":\"thrift\",\"type\":\"phrase\"}},\"query\":{\"match\":{\"type\":{\"query\":\"thrift\",\"type\":\"phrase\"}}},\"$state\":{\"store\":\"appState\"}}]}"
      }
    },
    "_meta": {
      "savedObjectVersion": 2
    }
  },
  {
    "_id": "NFS-errors-search",
    "_type": "search",
    "_source": {
      "title": "NFS errors search",
      "description": "",
      "hits": 0,
      "columns": [
        "_source"
      ],
      "sort": [
        "@timestamp",
        "desc"
      ],
      "version": 1,
      "kibanaSavedObjectMeta": {
        "searchSourceJSON": "{\"index\":\"26b28990-4910-11e9-83b5-295070597356\",\"query\":{\"query\":{\"query_string\":{\"query\":\"*\",\"analyze_wildcard\":true}},\"language\":\"lucene\"},\"filter\":[{\"meta\":{\"negate\":false,\"index\":\"packetbeat-*\",\"key\":\"type\",\"value\":\"nfs\",\"disabled\":false,\"alias\":null},\"query\":{\"match\":{\"type\":{\"query\":\"nfs\",\"type\":\"phrase\"}}},\"$state\":{\"store\":\"appState\"}},{\"meta\":{\"negate\":true,\"index\":\"packetbeat-*\",\"key\":\"nfs.status\",\"value\":\"NFSERR_NOENT\",\"disabled\":false,\"alias\":null},\"query\":{\"match\":{\"nfs.status\":{\"query\":\"NFSERR_NOENT\",\"type\":\"phrase\"}}},\"$state\":{\"store\":\"appState\"}},{\"meta\":{\"negate\":true,\"index\":\"packetbeat-*\",\"key\":\"nfs.status\",\"value\":\"NFS_OK\",\"disabled\":false,\"alias\":null},\"query\":{\"match\":{\"nfs.status\":{\"query\":\"NFS_OK\",\"type\":\"phrase\"}}},\"$state\":{\"store\":\"appState\"}}],\"highlight\":{\"pre_tags\":[\"@kibana-highlighted-field@\"],\"post_tags\":[\"@/kibana-highlighted-field@\"],\"fields\":{\"*\":{}},\"require_field_match\":false,\"fragment_size\":2147483647}}"
      }
    },
    "_meta": {
      "savedObjectVersion": 2
    }
  },
  {
    "_id": "nfs",
    "_type": "search",
    "_source": {
      "title": "nfs",
      "description": "",
      "hits": 0,
      "columns": [
        "_source"
      ],
      "sort": [
        "@timestamp",
        "desc"
      ],
      "version": 1,
      "kibanaSavedObjectMeta": {
        "searchSourceJSON": "{\"index\":\"26b28990-4910-11e9-83b5-295070597356\",\"query\":{\"query\":{\"query_string\":{\"analyze_wildcard\":true,\"query\":\"*\"}},\"language\":\"lucene\"},\"filter\":[{\"$state\":{\"store\":\"appState\"},\"meta\":{\"alias\":null,\"disabled\":false,\"index\":\"packetbeat-*\",\"key\":\"type\",\"negate\":false,\"value\":\"nfs\"},\"query\":{\"match\":{\"type\":{\"query\":\"nfs\",\"type\":\"phrase\"}}}}],\"highlight\":{\"pre_tags\":[\"@kibana-highlighted-field@\"],\"post_tags\":[\"@/kibana-highlighted-field@\"],\"fields\":{\"*\":{}},\"require_field_match\":false,\"fragment_size\":2147483647}}"
      }
    },
    "_meta": {
      "savedObjectVersion": 2
    }
  },
  {
    "_id": "MySQL-errors",
    "_type": "search",
    "_source": {
      "title": "MySQL errors",
      "description": "",
      "hits": 0,
      "columns": [
        "method",
        "type",
        "path",
        "responsetime",
        "status"
      ],
      "sort": [
        "@timestamp",
        "desc"
      ],
      "version": 1,
      "kibanaSavedObjectMeta": {
        "searchSourceJSON": "{\"index\":\"26b28990-4910-11e9-83b5-295070597356\",\"highlight\":{\"pre_tags\":[\"@kibana-highlighted-field@\"],\"post_tags\":[\"@/kibana-highlighted-field@\"],\"fields\":{\"*\":{}}},\"filter\":[{\"meta\":{\"disabled\":false,\"index\":\"packetbeat-*\",\"key\":\"type\",\"negate\":false,\"value\":\"mysql\"},\"query\":{\"match\":{\"type\":{\"query\":\"mysql\",\"type\":\"phrase\"}}}},{\"meta\":{\"index\":\"packetbeat-*\",\"negate\":true,\"key\":\"status\",\"value\":\"OK\",\"disabled\":false},\"query\":{\"match\":{\"status\":{\"query\":\"OK\",\"type\":\"phrase\"}}}}],\"query\":{\"query\":{\"query_string\":{\"analyze_wildcard\":true,\"query\":\"*\"}},\"language\":\"lucene\"}}"
      }
    },
    "_meta": {
      "savedObjectVersion": 2
    }
  },
  {
    "_id": "PgSQL-errors",
    "_type": "search",
    "_source": {
      "title": "PgSQL errors",
      "description": "",
      "hits": 0,
      "columns": [
        "method",
        "type",
        "path",
        "responsetime",
        "status"
      ],
      "sort": [
        "@timestamp",
        "desc"
      ],
      "version": 1,
      "kibanaSavedObjectMeta": {
        "searchSourceJSON": "{\"index\":\"26b28990-4910-11e9-83b5-295070597356\",\"highlight\":{\"pre_tags\":[\"@kibana-highlighted-field@\"],\"post_tags\":[\"@/kibana-highlighted-field@\"],\"fields\":{\"*\":{}}},\"filter\":[{\"meta\":{\"disabled\":false,\"index\":\"packetbeat-*\",\"key\":\"type\",\"negate\":false,\"value\":\"pgsql\"},\"query\":{\"match\":{\"type\":{\"query\":\"pgsql\",\"type\":\"phrase\"}}}},{\"meta\":{\"index\":\"packetbeat-*\",\"negate\":true,\"key\":\"status\",\"value\":\"OK\",\"disabled\":false},\"query\":{\"match\":{\"status\":{\"query\":\"OK\",\"type\":\"phrase\"}}}}],\"query\":{\"query\":{\"query_string\":{\"query\":\"*\",\"analyze_wildcard\":true}},\"language\":\"lucene\"}}"
      }
    },
    "_meta": {
      "savedObjectVersion": 2
    }
  },
  {
    "_id": "MySQL-Transactions",
    "_type": "search",
    "_source": {
      "title": "MySQL Transactions [Packetbeat]",
      "description": "",
      "hits": 0,
      "columns": [
        "method",
        "type",
        "path",
        "responsetime",
        "status"
      ],
      "sort": [
        "@timestamp",
        "desc"
      ],
      "version": 1,
      "kibanaSavedObjectMeta": {
        "searchSourceJSON": "{\"index\":\"26b28990-4910-11e9-83b5-295070597356\",\"highlight\":{\"pre_tags\":[\"@kibana-highlighted-field@\"],\"post_tags\":[\"@/kibana-highlighted-field@\"],\"fields\":{\"*\":{}}},\"filter\":[{\"meta\":{\"index\":\"packetbeat-*\",\"negate\":false,\"key\":\"type\",\"value\":\"mysql\",\"disabled\":false,\"type\":\"phrase\",\"params\":{\"query\":\"mysql\",\"type\":\"phrase\"},\"alias\":null},\"query\":{\"match\":{\"type\":{\"query\":\"mysql\",\"type\":\"phrase\"}}},\"$state\":{\"store\":\"appState\"}}],\"query\":{\"query\":{\"query_string\":{\"analyze_wildcard\":true,\"query\":\"*\",\"default_field\":\"*\"}},\"language\":\"lucene\"},\"highlightAll\":true,\"version\":true}"
      }
    },
    "_meta": {
      "savedObjectVersion": 2
    }
  },
  {
    "_id": "PgSQL-transactions",
    "_type": "search",
    "_source": {
      "title": "PgSQL transactions",
      "description": "",
      "hits": 0,
      "columns": [
        "method",
        "type",
        "path",
        "responsetime",
        "status"
      ],
      "sort": [
        "@timestamp",
        "desc"
      ],
      "version": 1,
      "kibanaSavedObjectMeta": {
        "searchSourceJSON": "{\"index\":\"26b28990-4910-11e9-83b5-295070597356\",\"highlight\":{\"pre_tags\":[\"@kibana-highlighted-field@\"],\"post_tags\":[\"@/kibana-highlighted-field@\"],\"fields\":{\"*\":{}}},\"filter\":[{\"meta\":{\"index\":\"packetbeat-*\",\"negate\":false,\"key\":\"type\",\"value\":\"pgsql\",\"disabled\":false},\"query\":{\"match\":{\"type\":{\"query\":\"pgsql\",\"type\":\"phrase\"}}}}],\"query\":{\"query\":{\"query_string\":{\"query\":\"*\",\"analyze_wildcard\":true}},\"language\":\"lucene\"}}"
      }
    },
    "_meta": {
      "savedObjectVersion": 2
    }
  },
  {
    "_id": "ffc3c0b0-d2d7-11e7-9914-4982455b3063",
    "_type": "search",
    "_source": {
      "title": "TLS Sessions",
      "description": "",
      "hits": 0,
      "columns": [
        "_source"
      ],
      "sort": [
        "@timestamp",
        "desc"
      ],
      "version": 1,
      "kibanaSavedObjectMeta": {
        "searchSourceJSON": "{\"index\":\"26b28990-4910-11e9-83b5-295070597356\",\"highlightAll\":true,\"version\":true,\"query\":{\"language\":\"lucene\",\"query\":{\"query_string\":{\"analyze_wildcard\":true,\"default_field\":\"*\",\"query\":\"*\"}}},\"filter\":[{\"$state\":{\"store\":\"appState\"},\"exists\":{\"field\":\"tls.handshake_completed\"},\"meta\":{\"alias\":\"TLS sessions\",\"disabled\":false,\"index\":\"packetbeat-*\",\"key\":\"tls.handshake_completed\",\"negate\":false,\"type\":\"exists\",\"value\":\"exists\"}}]}"
      }
    },
    "_meta": {
      "savedObjectVersion": 2
    }
  },
  {
    "_id": "8f0ff590-d37d-11e7-9914-4982455b3063",
    "_type": "search",
    "_source": {
      "title": "TLS Client Version",
      "description": "",
      "hits": 0,
      "columns": [
        "_source"
      ],
      "sort": [
        "@timestamp",
        "desc"
      ],
      "version": 1,
      "kibanaSavedObjectMeta": {
        "searchSourceJSON": "{\"index\":\"26b28990-4910-11e9-83b5-295070597356\",\"highlightAll\":true,\"version\":true,\"query\":{\"language\":\"lucene\",\"query\":{\"query_string\":{\"analyze_wildcard\":true,\"default_field\":\"*\",\"query\":\"*\"}}},\"filter\":[{\"meta\":{\"index\":\"packetbeat-*\",\"negate\":false,\"disabled\":false,\"alias\":null,\"type\":\"exists\",\"key\":\"tls.client_hello.version\",\"value\":\"exists\"},\"exists\":{\"field\":\"tls.client_hello.version\"},\"$state\":{\"store\":\"appState\"}}]}"
      }
    },
    "_meta": {
      "savedObjectVersion": 2
    }
  },
  {
    "_id": "bf3d23b0-d37c-11e7-9914-4982455b3063",
    "_type": "search",
    "_source": {
      "title": "TLS Version",
      "description": "",
      "hits": 0,
      "columns": [
        "_source"
      ],
      "sort": [
        "@timestamp",
        "desc"
      ],
      "version": 1,
      "kibanaSavedObjectMeta": {
        "searchSourceJSON": "{\"index\":\"26b28990-4910-11e9-83b5-295070597356\",\"highlightAll\":true,\"version\":true,\"query\":{\"language\":\"lucene\",\"query\":{\"query_string\":{\"analyze_wildcard\":true,\"default_field\":\"*\",\"query\":\"*\"}}},\"filter\":[{\"meta\":{\"index\":\"packetbeat-*\",\"negate\":false,\"disabled\":false,\"alias\":null,\"type\":\"exists\",\"key\":\"tls.server_hello.version\",\"value\":\"exists\"},\"exists\":{\"field\":\"tls.server_hello.version\"},\"$state\":{\"store\":\"appState\"}}]}"
      }
    },
    "_meta": {
      "savedObjectVersion": 2
    }
  },
  {
    "_id": "94908e80-d2d8-11e7-9914-4982455b3063",
    "_type": "search",
    "_source": {
      "title": "TLS Server Name Indication",
      "description": "",
      "hits": 0,
      "columns": [
        "_source"
      ],
      "sort": [
        "@timestamp",
        "desc"
      ],
      "version": 1,
      "kibanaSavedObjectMeta": {
        "searchSourceJSON": "{\"index\":\"26b28990-4910-11e9-83b5-295070597356\",\"highlightAll\":true,\"version\":true,\"query\":{\"language\":\"lucene\",\"query\":{\"query_string\":{\"analyze_wildcard\":true,\"default_field\":\"*\",\"query\":\"*\"}}},\"filter\":[{\"meta\":{\"index\":\"packetbeat-*\",\"negate\":false,\"disabled\":false,\"alias\":null,\"type\":\"exists\",\"key\":\"tls.client_hello.extensions.server_name_indication\",\"value\":\"exists\"},\"exists\":{\"field\":\"tls.client_hello.extensions.server_name_indication\"},\"$state\":{\"store\":\"appState\"}}]}"
      }
    },
    "_meta": {
      "savedObjectVersion": 2
    }
  },
  {
    "_id": "43f23710-3323-11e9-bd22-1b69fd790e4d",
    "_type": "visualization",
    "_source": {
      "title": "BJ_bro_top_id_orig_host",
      "visState": "{\"type\":\"timelion\",\"title\":\"BJ_bro_top_id_orig_host\",\"params\":{\"expression\":\".es(index=\\\"bro_conn*\\\", split=id_orig_host.keyword:5).label(regex='.+:(\\\\S+).+', label=$1)\",\"interval\":\"auto\"}}",
      "uiStateJSON": "{}",
      "description": "",
      "version": 1,
      "kibanaSavedObjectMeta": {
        "searchSourceJSON": "{}"
      }
    },
    "_meta": {
      "savedObjectVersion": 2
    }
  },
  {
    "_id": "2e614050-3326-11e9-bd22-1b69fd790e4d",
    "_type": "visualization",
    "_source": {
      "title": "BJ_top_dest_ip_in_anomaly_score",
      "visState": "{\"title\":\"BJ_top_dest_ip_in_anomaly_score\",\"type\":\"pie\",\"params\":{\"type\":\"pie\",\"addTooltip\":true,\"addLegend\":true,\"legendPosition\":\"right\",\"isDonut\":true,\"labels\":{\"show\":false,\"values\":true,\"last_level\":true,\"truncate\":100}},\"aggs\":[{\"id\":\"1\",\"enabled\":true,\"type\":\"count\",\"schema\":\"metric\",\"params\":{}},{\"id\":\"2\",\"enabled\":true,\"type\":\"terms\",\"schema\":\"segment\",\"params\":{\"field\":\"dst_ip.keyword\",\"otherBucket\":false,\"otherBucketLabel\":\"Other\",\"missingBucket\":false,\"missingBucketLabel\":\"Missing\",\"size\":5,\"order\":\"desc\",\"orderBy\":\"1\"}}]}",
      "uiStateJSON": "{}",
      "description": "",
      "version": 1,
      "kibanaSavedObjectMeta": {
        "searchSourceJSON": "{\"index\":\"26b28990-4910-11e9-83b5-295070597356\",\"filter\":[],\"query\":{\"query\":\"\",\"language\":\"kuery\"}}"
      }
    },
    "_meta": {
      "savedObjectVersion": 2
    }
  },
  {
    "_id": "28a80c70-3321-11e9-bd22-1b69fd790e4d",
    "_type": "visualization",
    "_source": {
      "title": "BJ_top_src_ip_in_anomaly_score",
      "visState": "{\"title\":\"BJ_top_src_ip_in_anomaly_score\",\"type\":\"pie\",\"params\":{\"addLegend\":true,\"addTooltip\":true,\"isDonut\":true,\"labels\":{\"last_level\":true,\"show\":false,\"truncate\":100,\"values\":true},\"legendPosition\":\"right\",\"type\":\"pie\"},\"aggs\":[{\"id\":\"1\",\"enabled\":true,\"type\":\"count\",\"schema\":\"metric\",\"params\":{}},{\"id\":\"2\",\"enabled\":true,\"type\":\"terms\",\"schema\":\"segment\",\"params\":{\"field\":\"src_ip.keyword\",\"otherBucket\":false,\"otherBucketLabel\":\"Other\",\"missingBucket\":false,\"missingBucketLabel\":\"Missing\",\"size\":5,\"order\":\"desc\",\"orderBy\":\"1\"}}]}",
      "uiStateJSON": "{}",
      "description": "",
      "version": 1,
      "kibanaSavedObjectMeta": {
        "searchSourceJSON": "{\"index\":\"26b28990-4910-11e9-83b5-295070597356\",\"filter\":[],\"query\":{\"query\":\"\",\"language\":\"kuery\"}}"
      }
    },
    "_meta": {
      "savedObjectVersion": 2
    }
  },
  {
    "_id": "c61a2b30-331e-11e9-bd22-1b69fd790e4d",
    "_type": "visualization",
    "_source": {
      "title": "BJ_total_snort",
      "visState": "{\"title\":\"BJ_total_snort\",\"type\":\"metric\",\"params\":{\"addTooltip\":true,\"addLegend\":false,\"type\":\"metric\",\"metric\":{\"percentageMode\":false,\"useRanges\":false,\"colorSchema\":\"Green to Red\",\"metricColorMode\":\"None\",\"colorsRange\":[{\"from\":0,\"to\":10000}],\"labels\":{\"show\":true},\"invertColors\":false,\"style\":{\"bgFill\":\"#000\",\"bgColor\":false,\"labelColor\":false,\"subText\":\"\",\"fontSize\":60}}},\"aggs\":[{\"id\":\"1\",\"enabled\":true,\"type\":\"count\",\"schema\":\"metric\",\"params\":{}}]}",
      "uiStateJSON": "{}",
      "description": "",
      "version": 1,
      "kibanaSavedObjectMeta": {
        "searchSourceJSON": "{\"index\":\"26b28990-4910-11e9-83b5-295070597356\",\"filter\":[],\"query\":{\"query\":\"\",\"language\":\"kuery\"}}"
      }
    },
    "_meta": {
      "savedObjectVersion": 2
    }
  },
  {
    "_id": "80667250-4936-11e9-83b5-295070597356",
    "_type": "visualization",
    "_source": {
      "title": "BJ_top_dst_port_in_anomaly_score",
      "visState": "{\"title\":\"BJ_top_dst_port_in_anomaly_score\",\"type\":\"pie\",\"params\":{\"type\":\"pie\",\"addTooltip\":true,\"addLegend\":true,\"legendPosition\":\"right\",\"isDonut\":true,\"labels\":{\"show\":false,\"values\":true,\"last_level\":true,\"truncate\":100}},\"aggs\":[{\"id\":\"1\",\"enabled\":true,\"type\":\"count\",\"schema\":\"metric\",\"params\":{}},{\"id\":\"2\",\"enabled\":true,\"type\":\"terms\",\"schema\":\"segment\",\"params\":{\"field\":\"dst_port.keyword\",\"otherBucket\":false,\"otherBucketLabel\":\"Other\",\"missingBucket\":false,\"missingBucketLabel\":\"Missing\",\"size\":5,\"order\":\"desc\",\"orderBy\":\"1\"}}]}",
      "uiStateJSON": "{}",
      "description": "",
      "version": 1,
      "kibanaSavedObjectMeta": {
        "searchSourceJSON": "{\"index\":\"3749a2d0-491e-11e9-83b5-295070597356\",\"filter\":[],\"query\":{\"query\":\"\",\"language\":\"kuery\"}}"
      }
    },
    "_meta": {
      "savedObjectVersion": 2
    }
  },
  {
    "_id": "d32faf10-4936-11e9-83b5-295070597356",
    "_type": "visualization",
    "_source": {
      "title": "BJ_top_src_port_in_anomaly_score",
      "visState": "{\"title\":\"BJ_top_src_port_in_anomaly_score\",\"type\":\"pie\",\"params\":{\"type\":\"pie\",\"addTooltip\":true,\"addLegend\":true,\"legendPosition\":\"right\",\"isDonut\":true,\"labels\":{\"show\":false,\"values\":true,\"last_level\":true,\"truncate\":100}},\"aggs\":[{\"id\":\"1\",\"enabled\":true,\"type\":\"count\",\"schema\":\"metric\",\"params\":{}},{\"id\":\"2\",\"enabled\":true,\"type\":\"terms\",\"schema\":\"segment\",\"params\":{\"field\":\"src_port.keyword\",\"otherBucket\":false,\"otherBucketLabel\":\"Other\",\"missingBucket\":false,\"missingBucketLabel\":\"Missing\",\"size\":5,\"order\":\"desc\",\"orderBy\":\"1\"}}]}",
      "uiStateJSON": "{}",
      "description": "",
      "version": 1,
      "kibanaSavedObjectMeta": {
        "searchSourceJSON": "{\"index\":\"3749a2d0-491e-11e9-83b5-295070597356\",\"filter\":[],\"query\":{\"query\":\"\",\"language\":\"kuery\"}}"
      }
    },
    "_meta": {
      "savedObjectVersion": 2
    }
  },
  {
    "_id": "951c9ca0-4937-11e9-83b5-295070597356",
    "_type": "visualization",
    "_source": {
      "title": "BJ_table_order_by_lof_score",
      "visState": "{\"title\":\"BJ_table_order_by_lof_score\",\"type\":\"table\",\"params\":{\"perPage\":10,\"showPartialRows\":false,\"showMeticsAtAllLevels\":false,\"sort\":{\"columnIndex\":null,\"direction\":null},\"showTotal\":false,\"totalFunc\":\"sum\"},\"aggs\":[{\"id\":\"1\",\"enabled\":true,\"type\":\"count\",\"schema\":\"metric\",\"params\":{}},{\"id\":\"2\",\"enabled\":true,\"type\":\"terms\",\"schema\":\"bucket\",\"params\":{\"field\":\"lof_score\",\"otherBucket\":false,\"otherBucketLabel\":\"Other\",\"missingBucket\":false,\"missingBucketLabel\":\"Missing\",\"size\":5,\"order\":\"asc\",\"orderBy\":\"1\"}},{\"id\":\"3\",\"enabled\":true,\"type\":\"terms\",\"schema\":\"bucket\",\"params\":{\"field\":\"src_ip.keyword\",\"otherBucket\":false,\"otherBucketLabel\":\"Other\",\"missingBucket\":false,\"missingBucketLabel\":\"Missing\",\"size\":5,\"order\":\"desc\",\"orderBy\":\"1\",\"customLabel\":\"src_ip\"}},{\"id\":\"4\",\"enabled\":true,\"type\":\"terms\",\"schema\":\"bucket\",\"params\":{\"field\":\"src_port.keyword\",\"otherBucket\":false,\"otherBucketLabel\":\"Other\",\"missingBucket\":false,\"missingBucketLabel\":\"Missing\",\"size\":5,\"order\":\"desc\",\"orderBy\":\"1\",\"customLabel\":\"src_port\"}},{\"id\":\"5\",\"enabled\":true,\"type\":\"terms\",\"schema\":\"bucket\",\"params\":{\"field\":\"dst_ip.keyword\",\"otherBucket\":false,\"otherBucketLabel\":\"Other\",\"missingBucket\":false,\"missingBucketLabel\":\"Missing\",\"size\":5,\"order\":\"desc\",\"orderBy\":\"1\",\"customLabel\":\"dst_ip\"}},{\"id\":\"6\",\"enabled\":true,\"type\":\"terms\",\"schema\":\"bucket\",\"params\":{\"field\":\"dst_port.keyword\",\"otherBucket\":false,\"otherBucketLabel\":\"Other\",\"missingBucket\":false,\"missingBucketLabel\":\"Missing\",\"size\":5,\"order\":\"desc\",\"orderBy\":\"1\",\"customLabel\":\"dst_port\"}}]}",
      "uiStateJSON": "{\"vis\":{\"params\":{\"sort\":{\"columnIndex\":null,\"direction\":null}}}}",
      "description": "",
      "version": 1,
      "kibanaSavedObjectMeta": {
        "searchSourceJSON": "{\"index\":\"3749a2d0-491e-11e9-83b5-295070597356\",\"filter\":[],\"query\":{\"query\":\"\",\"language\":\"kuery\"}}"
      }
    },
    "_meta": {
      "savedObjectVersion": 2
    }
  },
  {
    "_id": "0df1d6e0-4938-11e9-83b5-295070597356",
    "_type": "visualization",
    "_source": {
      "title": "BJ_heat_map_by_src_dest_ip",
      "visState": "{\"title\":\"BJ_heat_map_by_src_dest_ip\",\"type\":\"heatmap\",\"params\":{\"type\":\"heatmap\",\"addTooltip\":true,\"addLegend\":true,\"enableHover\":false,\"legendPosition\":\"right\",\"times\":[],\"colorsNumber\":4,\"colorSchema\":\"Greens\",\"setColorRange\":false,\"colorsRange\":[],\"invertColors\":false,\"percentageMode\":false,\"valueAxes\":[{\"show\":false,\"id\":\"ValueAxis-1\",\"type\":\"value\",\"scale\":{\"type\":\"linear\",\"defaultYExtents\":false},\"labels\":{\"show\":false,\"rotate\":0,\"overwriteColor\":false,\"color\":\"#555\"}}]},\"aggs\":[{\"id\":\"1\",\"enabled\":true,\"type\":\"count\",\"schema\":\"metric\",\"params\":{}},{\"id\":\"2\",\"enabled\":true,\"type\":\"terms\",\"schema\":\"segment\",\"params\":{\"field\":\"src_ip.keyword\",\"otherBucket\":false,\"otherBucketLabel\":\"Other\",\"missingBucket\":false,\"missingBucketLabel\":\"Missing\",\"size\":5,\"order\":\"asc\",\"orderBy\":\"1\"}},{\"id\":\"3\",\"enabled\":true,\"type\":\"terms\",\"schema\":\"group\",\"params\":{\"field\":\"dst_ip.keyword\",\"otherBucket\":false,\"otherBucketLabel\":\"Other\",\"missingBucket\":false,\"missingBucketLabel\":\"Missing\",\"size\":5,\"order\":\"asc\",\"orderBy\":\"1\"}}]}",
      "uiStateJSON": "{\"vis\":{\"defaultColors\":{\"0 - 163\":\"rgb(247,252,245)\",\"163 - 325\":\"rgb(199,233,192)\",\"325 - 488\":\"rgb(116,196,118)\",\"488 - 650\":\"rgb(35,139,69)\"}}}",
      "description": "",
      "version": 1,
      "kibanaSavedObjectMeta": {
        "searchSourceJSON": "{\"index\":\"3749a2d0-491e-11e9-83b5-295070597356\",\"filter\":[],\"query\":{\"query\":\"\",\"language\":\"kuery\"}}"
      }
    },
    "_meta": {
      "savedObjectVersion": 2
    }
  }
]