<?xml version='1.0'?>
<config type="snortrules">
<high>
	<class>Attempted Administrator Privilege Gain</class>
	<src_ip>1</src_ip>
	<dst_ip>0</dst_ip>
</high>
<high>
	<class>Attempted User Privilege Gain</class>
	<src_ip>1</src_ip>
	<dst_ip>0</dst_ip>
</high>
<high>
	<class>Inappropriate Content was Detected</class>
	<src_ip>1</src_ip>
	<dst_ip>1</dst_ip>
</high>
<high>
	<class>Executable Dode was Detected</class>
	<src_ip>1</src_ip>
	<dst_ip>1</dst_ip>
</high>
<high>
	<class>Successful Administrator Privilege Gain</class>
	<src_ip>1</src_ip>
	<dst_ip>1</dst_ip>
</high>
<high>
	<class>Successful User Privilege Gain</class>
	<src_ip>1</src_ip>
	<dst_ip>1</dst_ip>
</high>
<high>
	<class>A Network Trojan was Detected</class>
	<src_ip>1</src_ip>
	<dst_ip>1</dst_ip>
</high>
<high>
	<class>Unsuccessful User Privilege Gain</class>
	<src_ip>1</src_ip>
	<dst_ip>0</dst_ip>
</high>
<high>
	<class>Web Application Attack</class>
	<src_ip>1</src_ip>
	<dst_ip>1</dst_ip>
</high>
<medium>
	<class>Attempted Denial of Service</class>
	<src_ip>1</src_ip>
	<dst_ip>0</dst_ip>
</medium>
<medium>
	<class>Potentially Bad Traffic</class>
	<src_ip>1</src_ip>
	<dst_ip>0</dst_ip>
</medium>
<medium>
	<class>Attempt to login by a default username and password</class>
	<src_ip>1</src_ip>
	<dst_ip>0</dst_ip>
</medium>
<medium>
	<class>Attempted Denial of Service</class>
	<src_ip>1</src_ip>
	<dst_ip>0</dst_ip>
</medium>
<medium>
	<class>Denial of Service</class>
	<src_ip>1</src_ip>
	<dst_ip>0</dst_ip>
</medium>
<medium>
	<class>Large Scale Information Leak</class>
	<src_ip>1</src_ip>
	<dst_ip>1</dst_ip>
</medium>
<medium>
	<class>Information Leak</class>
	<src_ip>1</src_ip>
	<dst_ip>1</dst_ip>
</medium>
<medium>
	<class>An attempted login using a suspicious username was detected</class>
	<src_ip>1</src_ip>
	<dst_ip>0</dst_ip>
</medium>
<low>
	<class>Detection of a Network Scan</class>
	<src_ip>1</src_ip>
	<dst_ip>0</dst_ip>
</low>
<low>
	<class>A suspicious string was detected</class>
	<src_ip>1</src_ip>
	<dst_ip>0</dst_ip>
</low>
<low>
	<class>Generic ICMP event</class>
	<src_ip>1</src_ip>
	<dst_ip>0</dst_ip>
</low>
</config>
